,precision,recall,f1-score,support
rRNA,1.0,0.5938461538461538,0.7451737451737452,325.0
sRNA,0.0,0.0,0.0,119.0
Cis-reg,0.0,0.0,0.0,169.0
tRNA,0.10638297872340426,1.0,0.1923076923076923,50.0
accuracy,0.3665158371040724,0.3665158371040724,0.3665158371040724,0.3665158371040724
macro avg,0.2765957446808511,0.3984615384615384,0.23437035937035938,663.0
weighted avg,0.49821892750553576,0.3665158371040724,0.37978409019133,663.0
