nameseq,Cis-reg,coding,rRNA,sRNA,tRNA,unknown,prediction
NODE_1199_length_41152_cov_377.023189/37517-37350,0.99996114,7.399076e-08,1.8384194e-09,3.5363242e-05,2.0913506e-10,3.333451e-06,Cis-reg
