nameseq,Cis-reg,coding,rRNA,sRNA,tRNA,unknown,prediction
NODE_304_length_115554_cov_10.018130/82323-82245,0.9999844,1.1184216e-09,7.9668794e-10,4.289162e-06,4.9723598e-12,1.1353703e-05,Cis-reg
NODE_1199_length_41152_cov_377.023189/37517-37350,0.99996114,7.399076e-08,1.8384159e-09,3.536321e-05,2.0913425e-10,3.333445e-06,Cis-reg
NODE_2036_length_25612_cov_15.436084/22009-22322,0.9999628,6.183287e-07,1.4030929e-08,3.5176185e-05,3.805121e-09,1.4754578e-06,Cis-reg
NODE_11891_length_8195_cov_6.130098/1045-899,0.99997735,1.5006604e-07,1.3652451e-09,2.1819951e-05,5.3782784e-10,7.2851674e-07,Cis-reg
