nameseq,Cis-reg,coding,rRNA,sRNA,tRNA,unknown,prediction
NODE_304_length_115554_cov_10.018130/82323-82245,0.9999844,1.1184151e-09,7.966849e-10,4.2891456e-06,4.9723402e-12,1.135367e-05,Cis-reg
