nameseq,Cis-reg,coding,rRNA,sRNA,tRNA,unknown,prediction
NODE_304_length_115554_cov_10.018130/82323-82245,0.99872714,3.7529597e-07,2.8441275e-07,4.551735e-05,6.880213e-09,0.0012268174,Cis-reg
